Title,Department,Job_type,Sentiment,Rating,Likes,Dislikes
Senior Consultant,General Insurance Department,Full Time,Positive,4,"Deserved candidates are promoted promptly.
Unbiased in providing opportunities to employees, regardless of their gender or any other thing",With designation no promotions badsalary increment is also required
Senior Software Engineer,Software Development Department,Full Time,Neutral,3,"You got lot of learning platform and monthly learning plan as well.
People will be encourage for cloud certificating.","You will get fully not tech horrible project management.
There is no variable pay.
No, appraisal. 
if you worked hard no one recognise you.
Increment will 3 to 4% max to max."
Senior Consultant,Software Development Department,Full Time,Positive,4,"Based on which Business Unit you are you will get your experience.
Company's policies are good and is followed by most of the top level management people.
Some BUs respect employees personal time and some are not. They may directly tell you to work extra hours and days though it may not be your fault in developing something.
You canSpeak up what are the troubles you are facing anonymously and is heard and actions are taken. That's the best thing....Read More","Some top level management people bring bad name to the company because of their activities which affect badtop level management people too.
Some BUs do micro management and some are asking to work extra hours. My friend's BU asked him to work on Saturday and Sunday which is against company's policy but to he persons who worked like that didn't Speak Up.  Director of the horrible project management knows that too and not supportive to employees' voice.
Some Managers are very badand directly will tell you not to work on weekends.
So it is upto in which BU you are and who is your manager....Read More"
Senior Consultant,Banking Operations Department,Full Time,Negative,1,Some client projects are good as they use the latest tech to work.,"Culture, micro management, unprofessional behavior, lack of sensitivity, pathetic HR and PMO"
Team Lead,IT Infrastructure Services Department,Full Time,Positive,4,"I have worked in IBM (4 years) ,TCS (1 year) , this is my 3rd company (1.3 years completed at the time of review) ,  I would say Capgemini is better than IBM and TCS. Work Life balance is very good in capgemini, additionally growth opportunity is also good here if you are hard a worker. At the end don't forget it also depends on your project and manager.","Medical insurance amount is quite low compare to TCS . Cab pick up and drop is not from home, it's only from near by defined point."
Trade Finance Analyst,Banking Operations Department,Full Time,Positive,5,All good and their learning platforms and skill development with full free hands and core knowledge expert in very process of projects and deliveries.,Hike cycle and performance hikes are bit low and average
Senior Developer,Software Development Department,Full Time,Positive,4,"Flexible timing, good project, learning growth","There is no anniversary culture for new employee, of you join on the month of May, you are going to get the hike after 2 years."
Analyst   (working remotely),Other Department,Full Time,Negative,1,"You can stay here without a project, without any work on bench. Nobody will fire you. 
You can stay here, learn from their courses and prepare for some other exam or other job","I begged them for a horrible project management, but they kept me on bench for a year. I was a fresher, so I was dying for some work
The management is terrible, the manager cut my leaves, saying I had an attitude"
Analyst,IT Consulting Department,Full Time,Positive,4,"The experience might vary based on the project you are tagged to, I'm in Consulting and my team is really supportive, so my overall experience is good no complaints.","No company or job is perfect, the learning opportunity will get stagnated at some point (might not be the case with development horrible project management) especially support horrible project managements, also there is no opportunity to have a transition into different roles, and the compensation and no promotion is average, other than  this cg is a really great place to work."
Senior Consultant C1,Software Development Department,Full Time,Positive,4,"Learning new features from my project
Work life balance is good","There are no long term horrible project management, every 10 months once horrible project management getting changed. Again KT and machine setting is taking time. Internal politics are there, even if you work hard you will get 2nd rating."
Senior Analyst,Business Intelligence & Analytics Department,Full Time,Negative,2,Okay if you are always buttering any nanipulstive,"They play well politics quite firing,micromanagement and giving power to misuse in wrong hand not at all badplace for genuine person"
Cybersecurity Manager,IT Security Department,Full Time,Neutral,3,"Continuous learning
Good client interactions","Salary. It really needs improvement. Pay revision has to happen to meet with current inflation.
Appraisals can be better organised.
Can get out of hybrid and choice given to folks on how they can organise coming to office"
Senior Analyst,IT Network Department,Full Time,Neutral,3,"Work culture is good. Job security is also good. 
All depends upon the management and project needs.","Capgemini has different policies to retain and promote female candidates. Quota for no promotion and appraisals.
Even if you are badwith all respects(Technical, non-technical), female candidate with less potential will be promoted.
Most of the horrible project managements are support based. 
Join only if you are getting development profile."
Problem Manager,Operations Support Department,Full Time,Positive,4,"Here leaders are very supportive, nobody forcing to extend shift hours. I like  Capgemini as organisation very much and for freshers they are providing very good opportunity and training which is helping to grow in career very fast.","They are not giving increament in 1st year of joining, even after you have badreview. Most dislike part about the organisation is, while hiring resources profile shared by company to employee and selected for role is completely diffrent than what role they will be holding in horrible project management and opposite to their skill set most of the timethis is happening and also they are not giving release from horrible project management....Read More"
Associate Consultant,Data Science & Machine Learning Department,Full Time,Positive,4,The job security is extremely high. They do not fire anyone if they are on bench.,"The no promotions and appraisals are quite low . Average appraisal in FY 2022-23, was just 5 percent. That too was given to selective employees."
Engineer,Software Development Department,Full Time,Positive,4,Work-life balance and company's ethics and everyone is nice to you. You can learn with co-employees much. Overall great company culture.,Too much politics you are assigned in any domain regardless of your expertise and then the skill gets degraded and then politics starts of Performance issue.
Senior Software Engineer,Finance Department,Full Time,Neutral,3,There are lot of technologies being used. We can learn anything thing we we want to learn or interested.,"There is no job insecurity. 
Don't give at least minimum hikes. 
Few managers is using their work"
Consultant,IT Security Department,Full Time,Negative,2,good work life balance,bad managements badin this company where there is not any salary and perks no increment no badknowledge of seniors and don't have knowledge how to tackle in any problems.
Associate Consultant SAP Concur,IT Consulting Department,Full Time,Negative,2,good work life balance,"One of the worst leadership I have ever seen .After so many appriciation from client , horrible project management, BU they don't have any no promotion policy..They are hiring people from outside on high package but not giving no promotion to the current eligible employee.Pure lack of improper management there are resource on bench also. Terrible experience üò™"
Software Engineer,Other Department,Full Time,Neutral,3,"For short term maybe, work culture is good but totally depends on your project & supervisor or manager, if you're lucky you might like it else better to look elsewhere...long term no monetary benefits whatsoever","Absolute worse in the monetary department, you will feel bad for earning so low when your peers from other place earn more, this is true even if your super talented"
Network Security Engineer,IT Network Department,Full Time,Negative,2,The compensation was good enough,"The company policy, worst work culture is really bad. The work environment was degrading and they don't take into consideration your own area of interest. Really bad management. They expect employees to adhere to upper management but upper management do not consider any feedbacks or concerns from their employees."
Trainer,Corporate Training Department,Contractual,Neutral,3,I am waiting for my work to be starting again by September as has been said to in July. I loved my job as because training is my passion. I must have done few errors which I am seeking opportunity to correct myself that scope hasn‚Äôt arrived so far.,One more scope to showcase my ability.
Solution Architect,Business Intelligence & Analytics Department,Full Time,Neutral,3,great .. Boring culture. No one is willing to grow. All policies on paper only,"Working principles. poor career growth is ZEROOOOO. Every activity has to be billed by the client, then you are a badperformer here. If you need time and resources for a innovation with a vision .. no one will come forward to help. Empathy is a non-existent word here."
Software Engineer,Software Development Department,Full Time,Negative,1,They are not giving project it's said like it's your fault and job security is so bad they are just forcing employees to resign and if employees didn't resign they are giving negative feedback on work experience and salary will not growing if you are fresher please don't join Capgemini they destroy your career,They are not giving horrible project management it's said like it's your fault and job insecurity is so much bad they are just forcing employees to resign and if employees didn't resign they are giving negative feedback on work experience and salary will not growing if you are fresher please don't join Capgemini they destroy your career
Analyst,Banking Operations Department,Full Time,Positive,4,"Teams are very supportive and you get alot for learning experience and self development.
Job security is not the best but better than other MNC.","Not many badhorrible project managements are there.
Mostly support horrible project management and there."
Analyst,Quality Assurance and Testing Department,Full Time,Neutral,3,Job Security is the positive in the company.They will support you as much as they can to get into any projects.,There is no experienced RMG in some Business unit.So 99% of the queries form Resources left unanswered.
Team Lead,Finance Department,Full Time,Negative,1,I Likes Capgemini providing a platform to up skill their employees as knowledge wise for employees career growth. It's very kind oppertunity.,"1) Worst part is no promotion and Monitoring benifits in Few horrible project managements
2) Work environment not badin the sense building maintenance and Interior Tables and chairs and all not bad
3) we can't find tasty food in all cafetarias
4) Transport facility is there but not maintaining properly......... if any issues raise they will not solve for next time issues will be there 
5) Maintenance also not badpeople are ther but not monitore that work .... very lezzy 
6) No leadership meetings no events simply conducting events there is no benifits...Read More"
Software Engineer,Finance Department,Full Time,Negative,1,You get a lot of opportunities for e-learnings and trainings.,"You will not get even the appraisal which you deserve, even the ones on bench gets a grade change and appraisal. But on the same note, if you even work 11 hours a day, there is no guarantee that you will be among the lucky ones."
Manager,Banking Operations Department,Full Time,Negative,2,No politics in work environment.Hierarchy system is very good and reachability also good.orgaisation is flexible.,Clients are not ethical and management level doesn't have badcontrol over client .
Team Manager,Software Development Department,Full Time,Positive,4,"I am working in salesforce and what I see around is most of the project they have on latest tech and there is always scope about discussion how we can make it better instead of only just finish anyhow. Top leadership is also involved in design part(what I feel) for one of the product which I worked and looks good.
Second thing is lot of learning oppertunities there. They have many platform and they track your learning as well and force you to complete your learning courses....Read More","Initially what they offered CTC is everything included like you mediclaim, term insurance, PF each and every thing so make sure you prepare these question before going to HR round and understand your in hand salary. Their salary include 10% variable which I feel is worst part. They have hybrid culture so employees whose home town is somewhere else is not helpful."
Associate Consultant,Recruitment & Talent Acquisition Department,Full Time,Negative,2,"Hybrid work
Good for gaining experience as a fresher","Leads make false promises
Thrives on gossips and vulnerability of a person
Favourites are given chances
Most of the staff has shallow knowledge
No terrible work life balance as in thinks working on weekends Saturday & Sunday is normal
Mostly new joiners are hired on contract role so no job insecurity. One has to be lucky to get converted to full time
Demotivating leadership
Only handful of staffs are reliable and know what are they doing and how to not make others uncomfortable...Read More"
Associate Architect,Software Development Department,Full Time,Positive,5,Capgemini is one of the best companies where we can learn in full potential. Due to its wide spread there are many clients where we can apply our skills.,The no promotional process is very discouraging. New procedures to be implemented to encourage employees with no promotions.
Senior Professional II,IT Network Department,Full Time,Neutral,3,"There is a sense of job security because Capgemini has alot of projects. Plus, there is a flexibility of being able to work from home if needed on a genuine basis.","So, Capgemini bought Altran and I was previously an employee of Aricent that Altran had bought. When compared to Aricent, Capgemini is unfortunately a not-so-badplace to work. Aricent used to give badaverage appraisals to employees alongwith gifts for Diwali, New Year, etc etc. None of that happens in Capgemini."
Senior Analyst,Software Development Department,Full Time,Positive,5,"Great to work with the organisation
And the team project 
Lots have been learnt and I am great ful for the opportunities given.","it is all bad,
There was bad managementto have disliking about."
Senior Oracle Database Administrator Consultant,DBA / Data warehousing Department,Contractual,Neutral,3,Salary will be credited on time,"Work pressure is more.
For contractual employees, there is no any benefits like shift allowance, comp off & so on.
CG will not convert the contractual employees to CG payroll."
Process Associate A3,SCM & Logistics Department,Full Time,Neutral,3,Not much work pressure.,"Worst...The HR team provides misleading information about the salary you will receive at the beginning of employment.  However, you may receive less than promised.  Additionally, you will find that there is a lot of politics within the organization which will ultimately affect your performance."
Associate Consultant,Operations Support Department,Full Time,Positive,4,"I think it all depends upon the project team, in my case the team is better than what other online reviews say about the company","Not getting chance to work üòû n different domains, mostly it's getting repeatative and CG lacks to identify and appreciate the talent. IF YOU SHOW YOU ARE SMART YOU JUST GET MORE WORK bad managementELSE"
Technical Writer Cum Technical Illustrator,Other Department,Full Time,Positive,4,Working at Capgemini can allow me to collaborate with a diverse team. I am also Impressed with the company's emphasis on continuous learning and professional development.,Compensation is not up to the industry standards less hikes.
Technical Manager,Other Hospital Staff Department,Full Time,Negative,2,"great, it is as normal as other companies, no work life balance...","Capgemini is not badplace to work now,
Managers are not cooperating mainly whos non technical, also people management is very poor..
Not caring the employees emotions üòû"
Associate Consultant,Banking Operations Department,Full Time,Negative,1,"great, no learning, no growth, no work - life balance, no professionalism at management side.","Management is not employee friendly, no professional behaviour from Management side."
Technical Author,Aviation Engineering Department,Full Time,Positive,4,"Flexible hybrid working, not forced to come to office on fixed days. 
Internet allowance was provided.
Calm place to work as of office ambience.","Work-life balance was not even considered as a thing. Worked on Sunday's till 2 am. 
Forget weekends and work 24/7 for 365 days
Leaves are not given, though approved made to cancel in last minute.
Support for a fresher is very less, to clarify a doubt no senior resource would be available and would have to wait for days until they help us. 
On job training is name sake thing were freshers would be given job to be done and no training or trainer would support....Read More"
Senior Consultant,Software Development Department,Full Time,Positive,4,Technology and skills,"Extra pressure from practice side ,it feels like you are working on two organisation at the same time .first your horrible project management and second your practice"
Senior Security Analyst,IT Security Department,Full Time,Positive,4,Capgemini has lots of well being facilities,"Capgemini is badoverall with the facilities and culture but when it comes down to the teams, it's your luck what type of environment you would get"
Senior Consultant,Banking Operations Department,Full Time,Positive,5,"I like the employee friendly environment here and specially macro management is missing here which is cons here.
You only rated for the work you have or had done
Hybrid work culture helps to spend more time with family 
Salary offered is competitive and best in market otherwise it also depends on previous experiences and technology you have worked upon",bad managementso far
P.A. Accounts Payable Executive,Finance Department,Full Time,Negative,2,Very harashful environment of office and dirty politics in promoting as well as mental harashment stressful,Very harashful environment stressful working culture toxic politics of office and oftenly Kritika Tiwari our Process Lead her behaviour is disgusting with team members
Manager,Software Development Department,Full Time,Positive,4,"Worked on a couple of good projects.
Came across some really good people.","Not badteam in immigration. 
Carrying on outdated policies from iGate.
Office has no distinct areas for each practice so there is no connect within the practice."
Talent Acquisition Consultant   (working remotely),Recruitment & Talent Acquisition Department,Part Time,Negative,1,My team was good.,"Top Management is worst. Cant handle the situation.
Removing lower level employees from the job is not the Solution.
Come up with new ideas. 
Your jobs are safe, what about us. Still struggling to get job. Who is responsible for this."
Process Associate,Other Department,Full Time,Positive,5,"Food court, workspace, management","horrible, salary hike"
Analyst,Software Development Department,Full Time,Neutral,3,If you are a fresher and in bench then you will get a lot of time to upskill,Most of the freshers are in bench that's why in general ODC the environment is not bad
Senior Software Engineer,Quality Assurance and Testing Department,Full Time,Positive,4,work life balance & security which makes to feel comfortable.,appraisal wont expect & no promotion for the next 2 years after joining & there is no health checkup for the employees.
Consultant B2,IT Security Department,Full Time,Positive,5,Capgemini is good place to work and lot of scope for skill development and learning.,"I feel like Capgemini is perfect but when it comes to the management it is so rude. Not even greeting to recipient while sending mails. (Senior managers also}. If any help needs to be no one will respond including managers. Mostly I faced challenges from managers only. They are having their own works, not at all least bothered aboutthe team. 
This is one of the reasons for leaving Capgemini so early, and there is no reputation those who are doing their job perfect. Mostly office politics are in high sky in Capgemini.
I am willing to work but if there is no reputation it discourages. 
Please take my words seriously, this is what exactly happening....Read More"
Senior Professional I Engineer,Software Development Department,Full Time,Neutral,3,Good work!,"Absolutely no employee well fair,
No festival celebration at horrible project management level,
No perks for working hard.
Pathetic Reward and recognition system.
Huge salary difference between employees at same band and position"
Scrum Master,DevOps Department,Full Time,Positive,5,"Team Support
Training and development 
Job security","no promotion and appraisals 
Not providing role based on skills 
Less opportunities as per skills"
Associate Consultant,Other Department,Full Time,Positive,4,Capgemini is a global leader in partnering with companies to transform and manage their business by harnessing the power of technology.,Low quality of the facility and highly commercial view towards canteen and transport. Very poor on that front using almost school buses for transport.
Consultant,Facility Management Department,Full Time,Neutral,3,Only thing I like in Capgemini is learning never stops here.,Food in some places. Remote location in Mumbai. No promising hikes or no deserved no promotion. Less. Of terrible work life balance.
Sr.Analyst - Software Engineer,Software Development Department,Full Time,Neutral,3,Capgemini is a place where we can spend quality of time on self learning.,"Capgemini will keep monitoring the employee activity by app called Sapience buddy tool - It will fetch all the details like first & last activity, core time, offline time, no. of breaks taken, and every each thing you do on your laptop/pc."
Consultant,Other Department,Full Time,Negative,1,Cross skill training,"In capgemini I have met most unprofessional guys in my entire 6 years career. No Job insecurity. TATA is far more better as part of worst work culture, professionalism."
Consultant,IT Consulting Department,Full Time,Neutral,3,"If you got the project and it Is connected with your project then it‚Äôs fine.
Salary on time
Somewhat cooperative team 
Someone team lunch","Bus charges are high 1900 for hybrid days
No proper reimbursement process returns 
Unnecessary politics 
Less leaves at least for Indians"
Professional 1,Hardware Department,Full Time,Negative,1,great,"Waste.
Full of micro management in semiconductor vertical 
Politics
Not even having badcafeteria
People working in the Cafeteria are uncultured 
Please don't join this company. You might feel like you are working in an MNC. But inside that Managers don't even care about their employees or their feelings 
Some of my colleagues are calling Motherchowk to each and other and even Managers are supporting that....Read More"
Associate Consultant,Software Development Department,Full Time,Positive,4,"Working hours
Professional environment 
Decent exposure to new skills
Hybrid mode","Compensation can be improved
Bench management is ridiculous"
Consultant,Other Department,Full Time,Positive,5,"I like it ,so much I have learned ,when I was an employee with this organization. I really am looking forward to be an employee again to this organization. Thanks for everything that gave me",No
Senior Manager,Banking Operations Department,Full Time,Negative,2,"Worst work culture.
Employees treatment is worst 
Non technical people managers who don't understand anything about project and drive team as buffalo herd.
Poor amenities.","Directors have no sense of product development life cycle and politics
Technical people are used and thrown away.
Poor amenities. Poor management.
Not a company suggested to work"
Data Analyst,Other Department,Full Time,Neutral,3,Keeping u updated regarding new technologies to get upskilled in that,"No horrible project management is difficult to get a horrible project management if ur staying on the bench for more than 2 months,  will be a burden for you.  Thanks"
Senior Consultant,Software Development Department,Full Time,Positive,4,"Good company was working with great team.
Salary on time
Once you proved yourself then you will get good work.","Salary hikes very low. If you joined on low salary then it is problematic.
Company need to check salary discrepancy.
Laterally joined consultant earning more than senior consultant"
Physical Verification Engineer,Engineering & Manufacturing Department,Full Time,Positive,5,"I learned more concepts , worked on Many project up to 10+ projects .","1. Capgemini managers and leads , respect the Employ goals and which done employees are interested that domain need to give opportunity . 
2. In Capgemini Employees are worked very Hard , But there no increment in salary . How we trust in Capgemini.
3. In MNC companies most provide free cab facilities , But Capgemini there is no cabfacilities ""If you are provide cab facilities every employs should be interested in Cab and 200% Work will be meet in with in Estimated Time ""....Read More"
Sap Mm Consultant,IT Consulting Department,Full Time,Neutral,3,Flexible working hours,"due to work load we cannot take leaves and no leave encashment against it.
For salary we have to present counter offer letter.
Worst hybrid work Policy, it requires relocation to office location"
Analyst,Banking Operations Department,Full Time,Positive,4,Literally great in FSSBU. But there are many other good Business Units to work and grow.,"No Supportive management, no growth and learning especially in FSSBU"
Consultant,Business Intelligence & Analytics Department,Full Time,Negative,1,great.,They will take you showing they have basic requirements .But once u enter in org there will be clint round interviews and they will expect u know everything specailly from banking domain. Please dont waste your time if you are from any different domain apart from banking .They do not have enough horrible project management & only having banking horrible project managements and expect that non banking people will fit in that role.
Sr Manager,Technology / IT Department,Full Time,Neutral,3,"Flexibility,  work life balance,  stability in job.  Best place who love to work and stay busy.  I personally enjoy.","Salary, increments,  perks,  benefits.  
No team building or quarterly meets or hygiene factor.  
no promotions to those who long tenured or close to decision makers."
Senior Consultant   (working remotely),Downstream Department,Full Time,Neutral,3,I like learning culture,"The off boarding process is very hectic
If you have shift allowance not getting in FNF settlement then you need to follow up like hell.They won't treat you like an employee once you exist from the company."
Process Lead And Subject Matter Expert,Operations Department,Full Time,Negative,1,great,"Terrible worst work culture, huge office politics, higher level management is not supportive, lots of hidden clause which is not mentioned by the HR on offer letter, there are compensation related issue"
Escalation Engineer,IT Infrastructure Services Department,Full Time,Positive,5,Best company to work with best management with no politics. Just make sure to enter with good base package. Everything else is perfect for learning and development.,horrible
Devops Engineer,Software Development Department,Full Time,Neutral,3,"Flexibility part is good , you are given Hybrid model 
To work .",Work load and Some horrible project managements like Networking ones are definitely exhausting. 12-15hr of working and then also you might get thrown out of company.
Senior Consultant,Software Development Department,Full Time,Negative,1,Capgemini the Brand name only,"The company (manager in my horrible project management alone) never cares about their associate carreer progress even they are outstanding performer.
YEA rating is based on seniority on a horrible project management even they are under performer.
Managers will give fake commitments (like no promotions and onsite) for time being. They may tell later that you can leave the company if you want
There is no process transperancy in visa processing (H1B) and they may nominate the associate for retain purpose.
There are no well defined process. Anyone (senior manager) can do anything if they need something...
Org hierarchy and team structure is not bad(FS, IND BU, ApAC and LBS.......) Reporting manager, YEA manager and horrible project management manager are different... None of them are not connected (except YEA time)......Read More"
Consultant,Software Development Department,Full Time,Neutral,3,"Work, projects and learning curve will be heaven if you‚Äôre in pure Capgemini.","Full of politics, 
no value for your work, 
no recognition. 
No appraisal
You will get the badhike only if you belong to their religion/regions. Experienced it. 
Few Managers don‚Äôt have Technical Backgrounds and won‚Äôt listen to the team‚Äôs senior developers opinions also. Recommended to fired them first. They‚Äôre spoiling CG‚Äôs reputation. And Blocking the Enthusiastic Resources interests towards the achievement....Read More"
Technical Support Manager,Operations Support Department,Full Time,Negative,2,"Very complicated company to understand, no HR , No management discussion, last minute information sharing, so many applications, dynamic process changes.",Mentioned above
Accounts Payable Process Associate,Accounts payable Department,Full Time,Positive,4,The work life balance and atmosphere is good.,The main disappoint here is HR policy and compensation. They don't maintain any fixed rules. Also even after 2years you are hardly getting chances to meet HR.
Associate Consultant Developer,IT Network Department,Full Time,Positive,4,I don't think so I like anything about the company or my team except the building,"They hire so many people only for the bench, They don't really need people to work on the horrible project management,
one of my colleagues is not working on any horrible project management for the last 2 years and there are so many people who are suffering in the same they are looking for a horrible project management.
and there is too much politics in my team, it's too much because of the state some Bengaluru people don't like northern people. Even sometimes they make you cry is you are soft-hearted people...Read More"
Analyst,IT Support Department,Full Time,Negative,1,Entry training.,"I don't know how I am going through this company I join this as a fresher and my training is given to a well known demanding technology I grasp the knowledge but now they put into cisco support team and now I have been getting training but not allocated to any horrible project management. In the meanwhile they doesn't believe on employees health, they can't change location and they debit my salary and all."
Senior Project Manager,Business Intelligence & Analytics Department,Full Time,Positive,5,"This organization stands out for its exceptional company culture, commitment to skill development, supportive work station environment, and dedication to work-life balance. However, it shows room for improvement in terms of salary benefits and the speed of promotions/appraisals.","The compensation is relatively low, and no promotions are not always timely."
Process Associate,Accounting & Taxation Department,Full Time,Positive,5,I have work in capgemi past few years it was very great opportunity to career development. I manage work life balance equally.and I developed my skills and experience.,Only one dislike is salary
Sap Mm Consultant,IT Consulting Department,Full Time,Positive,4,"Job security
Salary on time
Good Exposure in multiple projects
Mostly Support and roll out project
Work life balance ,depends on every project",As if now no issue
Senior Consultant,Other Department,Full Time,Neutral,3,Overall a very good company,Noida location block A NSEZ is one of the worst. All non tech people are calling shots. Tech ones are frustrated of politics and leave.
Consultant,Software Development Department,Full Time,Positive,4,Technical things and clients are good.,politics with in the team are blockers for the quality product deliverables. and also this team politics will affect badly for the career of bademployees. and those politics will raise the career of wrong people.
Team Manager,Finance Department,Full Time,Positive,4,Good place to work,I got selected ..after 4 month they have assigned me horrible project management..but we have to give further two round of interviews..which I dislike
Program Lead-Delivery Partner,Banking Operations Department,Full Time,Neutral,3,large Organization globally,"Indian leaders (Sr Directors, VP, EVP's) in the Organization doesn't even bother about whether the employee knows Hindi or not....they simply start speaking in Hindi in most of the official forums including task assignment inspite of reminding them to talk in official language. This is not only unprofessional but also inhuman behavior"
Associate Consultant,Applied Innovation Exchange Department,Full Time,Positive,4,I had the flexibility to explore new technologies and learn and work on different skill set. My team always paid attention towards team bonding activities.,Compensation policy.
Sap Succe,IT Consulting Department,Full Time,Positive,5,"Capgemini is a global organization which provides you the opportunity to work with people from all over the world. Capgemini provides lots of trainings, training sessions for finance, health related.",Manager values you in your notice period days.
Financial Analyst,Back Office Department,Full Time,Negative,2,No likes totally disappointed,"1. No badenvironment
2. Salary no hike 
3. Your previous experience will not count
4. No transport insecurity for girls
5. No terrible work life balance
6. They will do Tigger ruin your mental health"
Associate Consultant,Quality Assurance and Testing Department,Full Time,Positive,4,"Capgemini has great working culture with excellent work life balance.
If you prioritise mental peace over money/hike please go for Capgemini.",Hike and no promotion is less. But the case is same for all the companies until you switch you don't get badhike.
Analog Layout Engineer,Hardware Department,Full Time,Negative,1,"I don't know about software Business but when it comes to SEMICON  which is Hardware Vlsi. it ls the worst place with no skilled Seniors level leads , Every Project gives us ample amount of stress. It's not about How many years you serve here but you should nevermind expect hike. WORST management üòï. Kindly don't join here as a senior level engineer.","Meesy work environment no hikes no guidance of senior level leads.dont join as a senior you'll ruin all your peace.
Worst palce to work here."
Associate Consultant FP,Finance Department,Full Time,Positive,4,Capgemini is really a great place to work with. We get to learn many things related to work. Colleagues are very strong and supportive. Good for freshers. Career growth and salary hike is also good; depending on your performance.,No such dislikes.
Hr Trainee Generalist,Recruitment & Talent Acquisition Department,Intern,Positive,5,"#Work culture, #learning and Development, #Onboarding experience, #Team. I really think ""Get the future you want is the correct Mantra for the organization""",There is bad managementthat I disliked.
Software Developer 3,Quality Assurance and Testing Department,Full Time,Neutral,3,Company culture is very good. Many events will take place and you can participate in them to releive your tension.,If your manager is badand understanding then and then only you can survive here. No importance for your work- life balance at all.
"Software Consultant, Python",Software Development Department,Full Time,Positive,5,Work Life balance is very good.,"Process of appraisal and no promotion is not bad. You will get very less opportunity to develop your skills.
Mostly your skills will be stagnant here."
Team Lead,Operations Department,Full Time,Positive,4,"CG as a company is very good for women professional. They have a very good work life balance. When it comes to appraisal, it is not very good. When you join, if you are placed with a good package you are lucky. However if you stay for longer duration, the growth will be very very slow. No additional perks provided by CG.",No growth in terms of salary hike when you stay for more than three years...Everything depends on management decision and not basis your work...
Senior Consultant,IT Infrastructure Services Department,Full Time,Positive,4,"1. Usually 1 person remains allocated to one project at a time.
2. Work life balance.
3. Usually senior management here has been associated with the company for many consistent years and hence normally they remain compliant with HR policies and don't micro monitor etc.","On your exit, remaining amount of health insurance premiums is to be deposited by the employee in Capgemini's bank account rather than getting it settled down from FNF without which your finance clearance won't be cleared.
Lots of clearance to follow up with,  regarding your exit formalities."
Senior Analyst,Software Development Department,Full Time,Positive,4,"I got to work on a better ERP.
Laptop & assets were received in the good condition.","Note: This is only based on the horrible project management that I worked and the experience I had.
Work pressure and work load was just too much.
terrible work life balance was nowhere.
No one cares about the real concerns."
Gcp Data Engineer,Data Science & Machine Learning Department,Full Time,Negative,1,great,"Capsgimini don't have any horrible project management. They hire people and put  on bench for 100 days and once the 100 days over they fire people without any notice.
Under the name of internal client interview they took too difficult interview that no one can crack it and if any one cracked any round they never get allocate to horrible project management.
Also it's mandatory to work from client location it doesn't matter what's your base location is....Read More"
Senior Consultant,IT Infrastructure Services Department,Full Time,Negative,1,Well the only thing about Capgemini is that it allows you to work flexibly. Apart from that there is great to like about the company.,"Politics even at the HR level
Appraisal amount is equivalent to peanuts. You can better work part time and get more. 
They speak about equal opportunities and what not but those are just talks. Every manager will be depended on an engineer even though they are to be technical managers. Just get the experience and leave the company. It's just a name and bad managementat all.if you get better opportunities never choose Capgemini....Read More"
Senior Software Engineer,Software engineer  Department,Full Time,Positive,5,Awesome Place to Work we will get more opportunities to learn to do certifications on different domains work life balance is peaceful work environment is good....follows good ethics and culture ‚ò∫Ô∏è,horrible
Java Full Stack Developer,Software Development Department,Full Time,Neutral,3,"great to like specially! it will teach you what is life! (They teach great in training, you have to learn yourself! never ask doubts in training, if you, then they will give you 0 marks in internal marks like elementary teachers!).","Self learning is bad! but, your way is too cruel! of course the whole world is like this!"
Process Lead,Voice / Blended Department,Full Time,Negative,1,great to like about working in Capgemini,"Everything! 
Poor management, worst HR services & no proper hierarchy followed. No terrible work life balance. Worst communication in team, no team bonding. Full of politics."
Technical Support Executive,IT Support Department,Full Time,Positive,5,"Still working in Capgemini Noida sector NSEZ.
good work environment
Better salary structure for experienced individuals",Have to inform for leaves 15 days ago
Associate Consultant,Quality Assurance and Testing Department,Full Time,Positive,4,"1. The organization encourages employees to learn new technology.
2. The organization assists in the free provision of numerous certifications.
3. The organization has a positive work culture.","so far, i have not encountered any disadvantages"
Analyst And Software Developer,Software Development Department,Full Time,Positive,4,It's a good company to start your career where they provide various resources to develop your skills and learn more new technologies.,Salary and hikes is not satisfactory
Consulting Analyst,Banking Operations Department,Contractual,Positive,4,"Work life balance is good. 
Hybrid working mode.
Salary is decent, but great to brag about","Management should be more flexible and have regular discussions with the juniors
In order to promote team bonding, outings and programs should be organized.
Improvement in Cab facility.."
Manager - Agile Coach,Software Development Department,Full Time,Negative,1,great as such,"Worst worst work culture. I joined as a scrum master and after 2 months being in bench, once i got  horrible project management, in the first day, the first thing one of the senior Manger told me was that ""Nobody is going to teach or guide you on anything, you have to be on your own"". The one thing any of the people with a scrum knowledge will understand is that, the scrum master requires time to go through the process , observe and understand it, if he needs to contribute. I saw one engagement manager, an Indian sitting in US acting like a dictator and all others were praising him all through the meetings and calls, and he treat others as inferiors. The one company you can avoid, if you have any other options....Read More"
Manager,Management Consulting Department,Full Time,Positive,4,"I find working at Capgemini Invent India to be a fulfilling and enriching experience. The companies commitment to employee growth and well-being, coupled with a supportive company culture, make it a fantastic place to build a successful and rewarding career.",Salary correction should happen proactively. This applies to most of the well-known MNCs in the market.
Senior Software Engineer,Software Development Department,Full Time,Positive,4,"Company culture, working with colleagues, Office infrastructure, Career opportunities",I don't dislike the company that gave foundation to my work life.
Software Associate,Technology / IT Department,Full Time,Neutral,3,It was good experience to work with such a well known organisation.I learned a lot and I got most cooperative collegues to resolve my issue.There were many seniors who inspired me time to time.Overall I was very fortunate to be part of this company.,Sometimes it was very hectic to manage work load for me .Although I am trying to manage it seems to be difficult.
Senior Software Engineer,IT Infrastructure Services Department,Full Time,Negative,1,great,"Managers speak as if they are controlling us they just order  us like once I have worked 2 continuous shifts continuously as they failed to manage the team
Managers don't even approve our shift allowance even if we are working in shifts"
Consultant,Quality Assurance and Testing Department,Full Time,Negative,2,Not find any thing if there is no good appraisal hike  in yearly cycle. We all are working for money and great is important then money.,Appraisal cycle is very worst and even manager not asking for one to one meeting for expectations. Getting 3-5% hike yearly is not
Associate Consultant Engineer,Banking Operations Department,Full Time,Positive,5,"I enjoyed the people I worked with. It was a friendly and fun atmosphere, and I actually enjoyed going to work each morning. I felt that the leadership team was great too.",horrible
Software Engineer Analyst,Software Development Department,Full Time,Positive,4,Work life balance is good and work culture is also nice in this company growth wise options and opportunities are also available.,I don't have any think which I dislike in this company.
Support Manager,Back Office Department,Full Time,Negative,2,Flexible working hours,"Nominal hikes and no promotion is ever a waited,  until and unless you are having a hand on your head. Hardwork and Talent is of no use."
Associate Technical Consultant,Software Development Department,Full Time,Positive,4,Capgemini has many projects to work and most of them are testing but no development projects. One can upskill themselves as capgemini provides various platforms for learning,There is no proper salary hike every year which I dislike most in Capgemini
Project Manager,Technology / IT Department,Full Time,Positive,4,It‚Äôs a good place to work - depends on the project one is in and ur management team to decide on this.,"They experiment with less experienced resources and try to get things done.
All they care about is the result and that‚Äôs all"
Software Engineer,Banking Operations Department,Full Time,Negative,1,Learning and development,We won't get horrible project management and they will send PIP mails and will try to remove you from the company. You will be having experience but won't get any chance to work in a horrible project management unless you are very lucky.
Consultant,Quality Assurance and Testing Department,Full Time,Positive,4,"You will get the chance to enhance your skills which will help you boost your carier. 
If you are consultant or Senior Consultant then you will get the change to mange the project alone, only weekly status you have to report to CG manager. 
If your client is satisfied with you and they are providing good feedback then no one will ask your work and all in CG. 
Now CG is also calling employee to office so you have to go 3 days in a week office. 
From last two appraisal system i did not get any hike so you can think on this if you are joining CG as a experienced person but definitely you will get good CTC during your joining....Read More",very bad Appraisal System.
Consultant,General Insurance Department,Full Time,Negative,2,Job security and learning in workplace related to work,"No appraisals, hikes. Location is one of the worst part in this organisation. Even though there is no team, it‚Äôs mandatory to visit office with no allotted seats for the employees. Pathetic situation not seen in any other MNC‚Äôs"
Manager (technical Lead),Operations Support Department,Full Time,Negative,2,I like great in CAPGEMINI. Complete power given to Serior managers and they can do anything they want.,"I don't like Everything about CAPGEMINI including food, management, leave policy..etc."
Sap Mm Senior Consultant,IT Consulting Department,Full Time,Positive,5,Very good work culture and healthy environment for beginners.,After significant time like mid senior level CG is not providing CTC as per market standards.
Consultant,IT Network Department,Full Time,Positive,4,"Work life balance
Opportunity to learn
Supportive team",Capgemini is pretty liberal when compared to other companies and their back to office policies. I don't have much negative points to share.
Senior Analyst,IT Infrastructure Services Department,Full Time,Positive,4,"The overall experience in Capgemini will be highly dependant on the projects that you work upon. 
If it is a support project, you can expect less exposure to technical aspects and repetitive work. 
But if you are in a development project, there are far more chances of professional exposure and appraisals.
But apart from this, you get opportunities to upskill yourself using Learning Platforms such as Coursera, Udemy etc....Read More","It all depends upon the immediate management that you are reporting to.
So, if the management is badand supportive, they will promote a great working environment otherwise, you will feel like leaving your job."
Senior Professional Engineer,Engineering & Manufacturing Department,Full Time,Positive,4,Multiple opportunities and multiple clients are there to get work immediately.,"Poor management, you can not get badwork for your poor career growth in feature, sometimes you will get luckyly."
Resource Consultant,Project management consultant Department,Full Time,Neutral,3,Work culture and support from team,35% Salary is deducted when they concert contract to full time and i was pregnant so it was my need that have to accept full time role
Senior Software Engineer,Software Development Department,Full Time,Negative,1,When you are on bench even death feels a better option than staying here and waiting for PIP so that you will be kicked out ASAP,"Arrogant and negligent senior management 
If you are fresher pray for horrible project management or else start searching outside from day 1 because chances of getting horrible project managements are like getting a girlfriend"
Senior Software Engineer   (working remotely),Engineering & Manufacturing Department,Full Time,Neutral,3,"Work life is good
Overall learning and training is good.","Don't expect salary aprials or monthly rewards
HR doesn't list about salary increment
Freshers not treated well.
All badapprials goes to seniors managers and VPs"
Lead,Back Office Department,Full Time,Negative,2,"Overall Ok not long term work expectations
No value for seniors","recently management changed. HR used to employee pro and now  become company pro.
difficult to grow 
lots of politics 
no values for employees
not addressing employee queries 
always hire new employees to avoid existing employees queries and expectations"
Team Manager,Accounting & Taxation Department,Full Time,Negative,2,Work security and colleagues,"Very low pay compare to market standard. There is no slab pay in level wise. Also high level management is not bad, doesn‚Äôt care about employee. Very few other benefits for employees who has served more years in this organisation."
Consultant,IT Consulting Department,Full Time,Positive,5,Worked with CG for 4 years (2019-2023). Great company to work with. Never seen layoffs concept in CG. Joined here as a fresher and loved the company so much that could be able to make a move from here to outside. Comfort is at its best and everyone here is so friendly and cooperating.,Salaries are low compared to market value.
Consultant,Business Process Quality Department,Full Time,Positive,4,"great no benefits, no support","bad appraisal, no hike on annual basis 
no promotion process not clear 
No team building activity 
Work on individual level 
Learning and development it‚Äôs your own basis"
Engineer Ca Access,Operations Department,Full Time,Positive,4,The culture they follow and the skills they support us in our career growth has become a milestone to me.,Management is unlike to other management
Hr Recruiter,Recruitment & Talent Acquisition Department,Full Time,Neutral,3,fresher can grow better,"They didnt confirm my probabtion..i have given my best but couldnt prove myself here.
i have asked for 3 more months to prove myself but no one is helping me a lot.i have lot of personal commitments.i cannot accept this..."
Consultant,Quality Assurance and Testing Department,Full Time,Positive,5,"I'm very happy share these review.
1. I'm working with a very good team - Manager & Supervisor.
2. Also I'm an single resource, so it feel too good to work.",Was disappointed with no promotion and Appraisal.
Software Engineer,Software Development Department,Full Time,Positive,4,Good work culture with good work life balance.,"Not badfor appraisal and no promotions.
If you've to switch horrible project management to different tech you've to spend minimum 18 months on a current horrible project management."
Consultant,Software Development Department,Full Time,Positive,5,There is a good learning opportunities provided.The infrastructure and work culture is well managed.,"Work pressure, poor ratings and appraisal system.Managers showing bias in assigning horrible project managements."
Invoicing Specialist,Finance Department,Full Time,Negative,1,"Worst company I've ever seen in my life
Especially the TL name called Tamil in Trichy location Worst behaviour, very Rude",Worst company I've ever seen in my life especially the TL name called Tamil in Trichy location Worst behaviour very Rude not appreciated
Test Lead   (working remotely),General Insurance Department,Full Time,Neutral,3,"Flexible hours, client base on different verticals. Employees benefit working on various platforms if put on to work as per their expectations.","Poor increments, existing employees are deprived of Salary increments. Hardly 2 or 3% is what employees get with high appraisal ratings.
Few horrible project managements are very pathetic no value for employees hardwork .."
Senior Software Consultant,Software Development Department,Full Time,Negative,2,Work life balance,"No worst work culture,  no job insecurity, no terrible work life balance, no no promotions, no increment, neither designation wise nor salary wise."
Identity And Access Management Administrator,IT Consulting Department,Full Time,Positive,5,"This is the best ever organisation, appraisals are fine promotions are bit slow but rest of the things are good. I would love to be a part of this company again",no promotion should be consistent and should happen in timely manner
Senior Software Engineer,Business Intelligence & Analytics Department,Full Time,Neutral,3,"Good learning opportunities initially for fresher during training and bench periods but once you get into the project then it totally depends on your project.
Good work life balance still we are following hybrid model whereas many sister companies have already begin 5 days work from office.","Salary hikes and appraisal are non existent even if you get badrating don't expect much 
No matter how well you do in horrible project managements appraisals are given based on rating and if you belong to particular rating you will get same amount of hike irrespective of your individual contributions"
Analyst,Quality Assurance and Testing Department,Full Time,Neutral,3,"Cafeteria, garden, building.","worst work culture, not getting horrible project management according to skill set, worst management, no value to employees (fresher) , forces to relocate, forces to get non technical role."
Senior Software Engineer,Finance Department,Full Time,Neutral,3,"Working at Capgemini has been rewarding experience due to several key factors.
Firstly, the company's WFH policy has been commendable. This approach has effectively alleviated work pressure, enabling a conducive and balanced work atmosphere.
Furthermore, Capgemini provides diversify learning platforms like Udemy, Coursera and Pluralsight. These resources have empowered me to continuously enhance my skills and knowledge, fostering both personal and professional growth within the organization....Read More","Working at Capgemini has been a valuable experience, but there are certain aspects that I believe could be improved. One concern resolves around the average salary for Software and Senior Software Engineers, which appears to be relatively low compared to industry standards. Adequate compensation is essential for employees to maintain a sustainable livelihood and stay motivated in their roles.
Additionally, I have observed some discrepancies in the no promotion and appraisal process within certain accounts, including the one I am currently a part of. It seems that no promotions are not solely based on performance but rather appear to be random at times. It would be beneficial for the company to establish a more transparent and merit-based system to recognize and reward employees hard work and achievements.
Favoritism towards employees with strong manager relationships, neglecting technical contributions and undervaluing hardworking employees.
Some FS accounts not aligning with intended roles (Development / Testing), hindering technical growth and expertise.
Addressing these issues is crucial for fostering professional growth, recognizing merit and improving overall employee satisfaction. Constructive feedback and improvements are essential....Read More"
Senior Software Engineer,Banking Operations Department,Full Time,Positive,4,"Capgemini is a good place to work .
Their is lot of scope to build your skills & learn new technologies
They will provide free training for cloud technologys.","But we don't get horrible project management as quick as u want.
It took nearly 1 year to get a horrible project management when start as A4 Grade .
They will put bench PPL into pip plan will make you resign yourself.
Not a professional way to remove freshers from organisation."
Team Manager,Voice / Blended Department,Full Time,Positive,4,I liked working but I noticed getting promotion is a big challenge among so many people,terrible work life balance. I have been assigned to another horrible project management simultaneously without my consent which needed my engagement till night 12 pm
"Agile Project Manager - SAFe Agilist,Certified(PO,Scrum Master,Agile Coach),DevOps,Prince2,Azure",Other Department,Full Time,Negative,1,Capgemini s LnD is good.Their learning program is good,"Bangalore location is just a back office for Mumbai office.mostly the horrible project managements are controlled by Mumbai management. Most of the onsite opportunities are handled from Mumbai.And there is lot of politics in Capgemini.People in Mumbai dominate in getting awards, onsite opportunities.And another big drawback is same manager sr manager, director chain continues for years.It means same higher management continues for 5-6 in the same horrible project management other aspirants will never get a chance to scaleup....Read More"
Senior Consultant,Banking Operations Department,Full Time,Negative,1,Absolute pathetic organisation. Ask trans have work politics to the core. Manners lacks spine to support own team.,"Every thing. Absolutely everything. Not even cafeteria has angering to eat.
Mangers stops You from getting out of buildings during fire drills, just imagine the level of micromanaging."
Senior Consultant,Software Development Department,Full Time,Positive,4,"Job Security
Shift benefits
Enough learning opportunities","Poor offshore horrible project management management
No attractive appraisals
Not enough work-life balance
Less pay scales."
Human Resource Associate,HR Operations Department,Full Time,Positive,5,"Ambience, co workers, cab facilities","I couldn't even see the difference in my salary after apraisal..
 Even after being a start performer... N terrible work life balance!!! Only work balance is there... That's all"
Associate Consultant,Software Development Department,Full Time,Positive,4,"I'm really happy with your determination to finish this project. I know it wasn't easy, but I knew you could do it. Your helpful attitude makes it clear that you can continue to take on new challenges and grow with the company. Thank you for your extra effort.",Not bad
Senior Consultant,Engineering Department,Full Time,Positive,4,"There is a good scope of learning in terms of new technology, skills upgradations. However less appraisal of employees and less salary benefits.",bad Appraisal and pay.
Deployment Engineer,Telecom Department,Full Time,Negative,1,I have only dislikes for this company,"No insecurity and manager are unskilled. They give horrible project management which is not of your domain and no support, training, shadowing."
Analyst,IT Network Department,Full Time,Negative,2,great,they dont have horrible project management so they just out the employee in PIP and feedback rule was worst any one can give feedback about any employee even they dont know each other
Software Engineer,Software Development Department,Full Time,Positive,4,"Companies culture and Work Life balance is also fine.
Can do a lot of certifications for free.",It is very poor thought of joining any MNC into early phase of one's career same goes for Capgemini they are having very less horrible project managements unable to deploy Fresher Employees into any horrible project managements keep them on Bench for very long time.
Service Desk Lead   (working remotely),Operations Department,Full Time,Positive,5,Overall it was an outstanding experience working with Capgemini..,"It was a badexperience working with Capgemini untill they separated CHCS.
Once we were transferred to CHCS the experience was not at all bad...
HR department is very pathetic..."
Senior Consultant,"Investment Banking, Private Equity & VC Department",Full Time,Positive,5,Capgemini is big organization the company has wide variety of clients and good work life balance. Company values their employee. I have worked 20 months till now in the company. they have very good policy of IJP through which you can look for project if you want to grow in other technology. You will more involved in the project workonly unlike other service based company where you have to work in more managerial works....Read More,Less  yearly hikes and no promotion increments.
Software Engineer Lead,Software Development Department,Full Time,Neutral,3,Salary is good.,"You have to give interview to get into a horrible project managements. If you can not crack it you will be on bench and then after some months you have to forcefully get resigned by the HR.
If you cannot perform well inside a horrible project management, some of the supervisor has the mentality to escalate you from the horrible project management without any warning or any discussion about your performance or withoany suggestions like where u need to focus or work on. Also will give some false allegations for escalation. 
If you get escalated from the horrible project management within ur probation period u will get escalate from the company. Need to change there policy who are having 1st time MNC experience....Read More"
Network Specialist,Engineering Department,Full Time,Negative,1,Used to work only 10 hrs a day,"Politics. People took my laptop and did not released my Releaving letter. 
No expected by a huge organization as this. 
Ciena horrible project management is the worst."
Senior Analyst Ii,IT Security Department,Full Time,Positive,5,"The work environment, facilities available for employees. 
The office and transportation facility up and down AC cabs. 
They try to improve on feedback shared. 
They allow us to work at home location if they have their office there. Team is however dispersed around the country though. Hybrid flexibility.
Modem office work environment.
Casual dress code. No formal dress code.
Good cafeteria with variety of options to choose from the menu. Multiple vendors. Looks into feedback....Read More",Hike isn't bad.
Senior Analyst,IT Security Department,Full Time,Positive,5,"Excellent learning opportunities.
IJP option after 18 months of service.
Excellent work life balance.
Good company culture.
Overall stability.
Helpful higher management and open to feedback.",Lower salary as compared to the market.
Consultant,Business Intelligence & Analytics Department,Full Time,Negative,1,great except salary on time.,"Worst MNC ever. Politics at its peak constant pressure on resources under fraud managers and senior managers. Biased management staying in Capgemini for decades already especially at Mumbai and Bangalore location. Several great talents resigned within few months. These managers and senior managers earning no promotions for horrible. Allfake appreciations/no promotions are done by Capgemini india management their own people are getting, such a biased work environment no respect for the new people. 
Great talents have resigned but these senior citizens with biased culture won't resign their job along with their generations is secure. So dumb management at top along with nonsense managers & senior managers who only have 1 thing to do ""laughing jokers"" without any logic.
Apart from horrible project management, another worst area is IT my badness man! they dont owe any responsibility whatsoever....Read More"
It Service Desk Analyst,Service Delivery Department,Full Time,Positive,4,The job security if you are hired directly is very good. There is a lot of opportunities to upskill with the help of the unlimited access to multiple online certification website.,"They do not give value to talent but to whether you are male or female. If you are a female, you will get a lot of opportunities and appraisals. If you are a male, you will only be used and utilised for the benifits of those females. 
Salary is very low."
Java Developer,Software Development Department,Full Time,Neutral,3,great at all. If you join as a fresher you can gain a lot of knowledge and can understand the wow.,"No Hikes, No no promotions. Learning will be badif you join as a fresher"
Senior Software Engineer,Non Voice Department,Full Time,Positive,4,This is my first company and when I started working in it everything is fine. And we have our weekends too.,I have joined in CIS academy of capgemini worst academy of capgemini because in this you will get very less holidays and very less weekend. some people are there who are doing discrimination based on the country's direction like South Indian people are against North india  people
Senior Consultant,Unix support Department,Full Time,Negative,1,Only buttering to manager,"Management is very worst or disaster, where who don't have any knowledge on horrible project management management they all are become manager in this organisation. So if you come from other organisation you should know how to impress your manager...
Most of horrible project management manager does not know how to talk with junior or team mates.."
Senior Analyst,Software Development Department,Full Time,Neutral,3,"Job Security, Work Flexibility,","Poor Compensation, No rewards for bademployees.. Leaderships won't retain at any cost instead will hire freshers with low package with better billing rate to the client."
Talent Acquisition Specialist,Recruitment & Talent Acquisition Department,Contractual,Negative,2,"Training was good, interaction with Panels were so good. On time feedback from panels for my requirements, that made me to prove myself.","They hired me as contract employee post 12 months based on performance they said they will convert to onroll.. Even after performing well. Wantedly they were giving more pressure and over workload.. I was completing the given work upto 1am.. Even though they said a stupid reason that they want to reduce team size... Full of politicsin Capgemini... They sustained there favoured employees who were joined as like me on contract basis.. But they said a story like all contract employees are going to loose there jobs in CG. After I got badname and appreciation mails from the clients, I thought were this would helps me out to get into on role.. But even after getting so many eligible qualities to get into on roll. Finally they closed my contract period.....Read More"
Senior Analyst,"Operations, Maintenance & Support Department",Full Time,Positive,4,The Project I am currently working on has great team. Team Lead and Manager are both supportive and always encouraging.,"Was on bench for more than 7 months and still no development horrible project management. Working in Operations, Maintaining and Support."
Senior Software Engineer,Banking Operations Department,Full Time,Positive,4,Very good environment to work in. Get diverse culture in one place. Alot to learn,Management pays mire attention to presence in the office rather that the work.
Process Associate,HR Operations Department,Full Time,Negative,1,Only work life balance.,There is no growth or appreciation or appraisal. People have been waiting for years to get promoted but there is no such growth. They hire people with false job descriptions. They will hire you for different role and assign you complete different job role. They actually scam and deteriorate your skill sets by assigning you a role which you are not interested at all. There is no negotiation on notice period as well....Read More
Avaya Voip Engineer,Operations Support Department,Full Time,Positive,4,You will defently enjoy working here. Out of all the companies Capgemini is the only one which doesn't laid off any employees in the recession times.,Hikes and no promotions might be little bit disappointing
Manager,IT Infrastructure Services Department,Full Time,Negative,1,Once you're hired you're screwed,"Everything specially unnecessary micro management, Some super senior team leads an manager are the main shark!! Never seen such an nemesis managers an bootlicker supervisors. Rather sell idly vada dont join.."
Consultant,IT Network Department,Full Time,Neutral,3,"You can get learning here. Flexible work policy, cab drop for night shift .
You can join this compnany","Very less increament like 2 to 5 %, no pickup Service for day shift, no food, rest is bad"
Azure Administrator,IT Security Department,Full Time,Positive,4,"Work life balance is good .
Leave is easily get when required to you.","In Capgemini you didn't able to switch internally different horrible project management . Then you have to switch other company easily rather than internal switch.
When the rating or no promotion time politics will be start internal higher authority."
Software Developer Lead,Software Development Department,Full Time,Positive,4,Work life balance is good.,Selected for different location and technology but now need to relocate to different location. If you have location constraints then take it in written.
Software Engineer,Software Development Department,Full Time,Negative,2,Initially everything is fine .,"They don't treat bench employees bad. Even though they will not be having any horrible project managements,they will ask you to get deployed. They force you to resign ."
Senior Software Engineer,Software Development Department,Full Time,Positive,4,Work- Life balance is good but in my opinion.,"Management just randomly puts you in any role they have openings for when you are on bench, as a fresher you have a lot less options to demand for a specific role."
Associate Consultant,BD / Pre Sales Department,Full Time,Neutral,3,Work life balance is good and also learning experience,There is no other perks apart from salary in Associate consultant role and no promotion is also slow with low hike.
Manager,Quality Assurance and Testing Department,Full Time,Negative,2,"great to like about. Though it is a very big company, all of a sudden it was declared that it's your last day without discussing anything. I never would recommend anyone",No job insecurity and no personal life
Team Lead Copy Editor Instructional Designer,Corporate Training Department,Full Time,Positive,4,"Culture, Learning Opportunities, Great Projects","Haven‚Äôt really seen anything in particular being problematic. There definitely are some people who don‚Äôt adapt to the respectful culture here, which ends up being not so badwhen they are in some management position. But then rotten apples can be found everywhere. There‚Äôs support if an employee may face any kind of trouble. The management can sometimes get after your life to upskill you, which I really appreciate. You don‚Äôt get companies that do that often. Now yes, they obviously do it so you can be up to date and serve the company better, but the learning stays with your forever. And not to forget, your badwork is seen and appreciated and rewarded....Read More"
S4 Hana Finance Consultant(Actively Looking For New Opportunities),IT Consulting Department,Full Time,Negative,2,Implementation projects are there.  Work life balance is there.,"Fake CV Scandal company.  Fake CV racket works through capability.  Senior people involved in it.  Even if we inform to HR with full evidences, then also bad managementhappens.  Out of total lateral hiring 40-50% candidates are fake CV."
Senior Quality Assurance Engineer,IT Consulting Department,Full Time,Negative,1,great,Worst company. No terrible work life balance. Only politics is going between older employees and manager. No fare decision. Only older employee decisions is matter whether those people are wrong or right. Manager support his decision.
Citrix Administrator,IT Infrastructure Services Department,Full Time,Positive,4,"I Like it capgemini in many things excepts below dislikes. I like it environment, salary.","I strongly not agree some RMG Team rules when we are in the Bench there are taking care us but theire behave like we are intentionally moved to bench. Actually if we moved Bench means its not our misstake , it may be horrible project management shutdown, or cost cutting and others reasons. They are treating us like frauds daily we have call and show our face and location we are in office or not. Especially RMG team Sumaira she is showing more attitude on us. This is realy i feel very bad....Read More"
Senior Analyst,Operations Support Department,Full Time,Positive,4,Capgemini is good at corporate environment. Job security will be there when compared to other MNC'S.,Capgemini they mostly deploy into support horrible project managements. which Me and My friends were Faced.Salary Hike will also be Less.
Consultant,IT Support Department,Full Time,Neutral,3,great in specific,"Forcing employees to come to office while this could be done from home. Just because few like coming to office doesn‚Äôt mean it is applicable for all. Work should define you not your physical presence at office .
Appraisal not discussed just given by own."
Senior Manager,Banking Operations Department,Full Time,Negative,1,"Worst company for laterals- Senior Directors and Directors are useless people / lowest among the service providers/ Especially the BCM- UK (banking and capital market- UK) and the processes they have are so bad. they are following unethical practices lying in E&Y audit (I have proof that auditor has been lied to even in presence of VP.  Salary are also  non-competitive. If you want to sell your self esteem and ethics then , join - else don't even think of joining...Read More",Worst company - everything written above applies
Senior Consultant C1,IT Infrastructure Services Department,Full Time,Negative,1,great at all. I won't suggest anyone to join this organization.,I my entire career this is the worst company I have seen ever. Managers are not supportive and also too much politics.
Cybersecurity Manager,IT Network Department,Full Time,Neutral,3,Learning and development,"Culture, terrible work life balance, and growth opportunities, work policies are not streamlined. They look for revenue and assign to the horrible project managements which will not be relevant to you. They can go to any extent for generating revenue."
Associate Consultant,IT Infrastructure Services Department,Full Time,Neutral,3,I do not know about the other projects but my project has terrible work life balance nd inhumane management,"terrible work life balance
management
appreciation
learning
no promotion and benifits"
Associate Consultant,General Insurance Department,Full Time,Negative,1,great,"Everything is based on account, my account is fully toxic people. I have asked my manger, why I got less rating(Ans- you are not eligible for womens quota ) , silly silly answers......"
Process Lead,Business Intelligence & Analytics Department,Full Time,Positive,4,"Work life balance, opportunities for learning new technology and tool, other recreation activities.
I am working in capgemini BSV when you enter CG you get to know each unit comes under different name like capgemini invent, enginerring and technology my comments for BSV","Salary and compensation low even if you got high annual rating hike is nominal 1% or 3% more than who got an average rating.
Switching technology is difficult happens only if your are in bench or horrible project management going to be completed in near future."
Director,Top Management Department,Full Time,Positive,5,Fantastic company to work. The most employee caring company I have seen in my life. Post offer followups as I heard from my fellow colleagues is the strongest in the entire recruitment process and I believe it is helping in keeping the offered candidates engaged... Hats off to the team,bad managementthat I could remember
Senior Consultant,Software Development Department,Full Time,Neutral,3,Hybrid model,"Very poor horrible project managements ,no badclients ,less opportunities to showcase your skills which directly impacts your career.
Arrogant clients, less supportive mangers."
Process Associate,Finance Department,Full Time,Negative,1,No one there to control and there is no policy to describe their activities. Simple to crack interviews.,"No specific policies
Doubt whether HR is available
Rude and incapable team leads and managers"
Associate Consultant,Business Intelligence & Analytics Department,Full Time,Negative,2,"Pros:
Good infrastructure
Pretty good for experienced joinees","Cons: 
Corporate culture at it's worst 
No extra benifits provided like other IT companies.
Lack of Empathy among seniors
Poor appraisal and ratings
Not a lot of horrible project managements
Employees end up serving months on Bench, no matter how hard they try to get a horrible project management"
Process Associate,Non Voice Department,Full Time,Negative,2,Good working culture,"Always check your offer letter before you resign your current.Specially the career band. If you somehow accept lower band ,they will never change it.
If the horrible project management is ramp down,they will try to relocate you to the costliest city with same salary with no wfh advantage."
Senior Consultant,Software Development Department,Full Time,Neutral,3,You will improve you communication English a lot.,They will mislead items and disregard any issues faced employees during your tenure. The management was the worst I have never seen before. They treat you like a slave. Most of the managers don‚Äôt understand technical explanations instead blame us. They are unwilling to accept responsibilities.
Process Associate,Banking Operations Department,Full Time,Positive,5,i wanted to continue job only in capgemini because i has started my work life through the capgemini. i am happy to work with capgemini.,some economic up and downs was come. but you please dispont your employess.
